biorxiv-c,100
v_measure,±Í«©÷÷¿‡(k)
0.4189750,20
0.3439933,21
0.3521766,21
